date,price,temperatureMax,temperatureMin
2026-05-12,93.30531249999997,11.6,5.4
2026-05-13,113.544375,12.9,5.6
2026-05-14,94.85083333333334,12.3,6.6
2026-05-15,109.81291666666665,14.8,4.8
2026-05-16,78.29833333333333,13.6,5.9
2026-05-17,83.00312500000001,17.0,5.2
2026-05-18,138.94697916666664,19.0,7.5
2026-05-19,128.11854166666663,19.9,9.4
2026-05-20,108.898125,21.5,13.0
2026-05-21,109.14958333333334,20.8,11.6
2026-05-22,106.34854166666668,22.5,12.8
2026-05-23,79.78218749999999,27.6,13.4
2026-05-24,66.7234375,27.5,17.1
2026-05-25,81.44656250000004,25.4,12.9
2026-05-26,97.86791666666663,28.6,15.0
2026-05-27,84.04510416666663,22.6,14.9
2026-05-28,122.31854166666665,20.9,10.3
2026-05-29,102.88156250000002,26.5,11.2
2026-05-30,85.86520833333333,22.1,17.9
2026-05-31,89.90020833333334,22.4,13.1
2026-06-01,151.86468749999995,22.4,12.9
2026-06-02,122.02083333333341,27.1,14.2
2026-06-03,102.63583333333337,20.9,15.6
2026-06-04,61.34114583333334,24.0,14.2
2026-06-05,100.36270833333333,20.6,14.1
2026-06-06,88.42177083333333,24.0,11.5
2026-06-07,42.665416666666665,21.6,16.0
2026-06-08,124.25104166666667,25.1,13.1
2026-06-09,96.87468750000004,20.8,14.8
2026-06-10,122.50895833333335,19.8,11.1
2026-06-11,112.0634375,18.8,11.4
